id_cliente,dias_desde_cadastro
1,192
2,525
3,360
4,196
5,161
6,110
7,704
8,211
9,556
10,304
11,420
12,548
13,177
14,462
15,189
16,220
17,398
18,433
19,581
20,503
21,475
22,281
23,366
24,250
25,549
26,403
27,111
28,342
29,650
30,564
31,148
32,600
33,565
34,279
35,652
36,656
37,333
38,594
39,220
40,574
41,110
42,256
43,363
44,477
45,690
46,405
47,103
48,331
49,435
50,654
51,429
52,181
53,456
54,544
55,517
56,598
57,124
58,295
59,170
60,651
61,477
62,91
63,479
64,655
65,195
66,566
67,491
68,645
69,251
70,291
71,359
72,360
73,545
74,551
75,341
76,385
77,427
78,142
79,306
80,277
81,469
82,582
83,130
84,246
85,104
86,154
87,610
88,433
89,218
90,561
91,152
92,228
93,588
94,682
95,481
96,508
97,378
98,468
99,579
100,320
101,130
102,117
103,224
104,290
105,122
106,137
107,592
108,496
109,663
110,188
111,636
112,702
113,551
114,94
115,307
116,592
117,487
118,482
119,296
120,104
121,643
122,550
123,664
124,330
125,653
126,185
127,574
128,496
129,320
130,260
131,630
132,125
133,614
134,249
135,332
136,175
137,667
138,646
139,663
140,117
141,709
142,645
143,429
144,420
145,729
146,595
147,437
148,562
149,320
150,279
151,314
152,474
153,466
154,372
155,722
156,717
157,348
158,448
159,545
160,500
161,407
162,314
163,323
164,463
165,697
166,561
167,322
168,202
169,586
170,531
171,653
172,357
173,599
174,475
175,476
176,202
177,702
178,714
179,170
180,202
181,91
182,309
183,655
184,314
185,474
186,492
187,727
188,219
189,142
190,505
191,336
192,528
193,292
194,273
195,212
196,490
197,383
198,369
199,699
200,287
201,600
202,233
203,698
204,290
205,213
206,276
207,415
208,553
209,438
210,492
211,435
212,600
213,236
214,237
215,578
216,729
217,640
218,427
219,562
220,240
221,504
222,387
223,700
224,352
225,233
226,435
227,713
228,661
229,91
230,393
231,343
232,542
233,126
234,249
235,98
236,322
237,188
238,297
239,220
240,493
241,241
242,143
243,209
244,717
245,676
246,714
247,509
248,511
249,193
250,343
251,316
252,201
253,599
254,562
255,188
256,242
257,427
258,252
259,250
260,669
261,487
262,366
263,593
264,481
265,224
266,284
267,490
268,729
269,122
270,549
271,559
272,464
273,111
274,127
275,319
276,454
277,652
278,527
279,372
280,116
281,315
282,366
283,698
284,373
285,570
286,542
287,605
288,636
289,281
290,138
291,601
292,106
293,261
294,309
295,247
296,566
297,135
298,462
299,607
300,188
