id_interacao,id_cliente,tipo_interacao,dias_atras_interacao
5001,249,clique_ad,21
5002,123,visita_organica,175
5003,160,visita_organica,8
5004,283,clique_ad,16
5005,116,visita_organica,343
5006,59,visita_organica,6
5007,61,clique_ad,28
5008,79,clique_ad,21
5009,150,clique_ad,29
5010,140,clique_ad,303
5011,248,visita_organica,25
5012,125,clique_ad,12
5013,75,clique_ad,282
5014,261,visita_organica,34
5015,70,visita_organica,16
5016,142,visita_organica,37
5017,213,clique_ad,15
5018,260,visita_organica,44
5019,2,clique_ad,164
5020,153,visita_organica,43
5021,297,visita_organica,16
5022,251,visita_organica,23
5023,229,visita_organica,6
5024,177,clique_ad,195
5025,279,clique_ad,18
5026,165,visita_organica,257
5027,123,visita_organica,272
5028,120,visita_organica,320
5029,211,clique_ad,13
5030,243,visita_organica,21
5031,196,clique_ad,23
5032,78,clique_ad,11
5033,19,clique_ad,23
5034,170,visita_organica,16
5035,226,visita_organica,47
5036,234,clique_ad,21
5037,74,clique_ad,28
5038,80,clique_ad,292
5039,136,clique_ad,25
5040,204,visita_organica,36
5041,169,visita_organica,11
5042,274,clique_ad,200
5043,163,clique_ad,15
5044,250,visita_organica,4
5045,19,clique_ad,21
5046,121,visita_organica,290
5047,148,visita_organica,22
5048,47,clique_ad,168
5049,51,visita_organica,34
5050,52,clique_ad,14
5051,154,visita_organica,29
5052,24,clique_ad,4
5053,29,clique_ad,16
5054,192,visita_organica,53
5055,126,clique_ad,20
5056,290,visita_organica,176
5057,93,clique_ad,29
5058,41,visita_organica,47
5059,196,clique_ad,28
5060,124,visita_organica,35
5061,299,clique_ad,8
5062,237,clique_ad,16
5063,236,clique_ad,10
5064,5,visita_organica,36
5065,239,visita_organica,18
5066,280,clique_ad,151
5067,227,visita_organica,326
5068,154,clique_ad,13
5069,218,visita_organica,281
5070,234,visita_organica,26
5071,102,visita_organica,25
5072,248,clique_ad,11
5073,196,clique_ad,7
5074,295,clique_ad,12
5075,152,clique_ad,223
5076,203,clique_ad,188
5077,290,visita_organica,290
5078,26,visita_organica,31
5079,255,visita_organica,7
5080,147,visita_organica,56
5081,118,visita_organica,49
5082,181,clique_ad,319
5083,98,visita_organica,338
5084,71,clique_ad,10
5085,21,clique_ad,24
5086,226,clique_ad,36
5087,187,visita_organica,233
5088,47,visita_organica,345
5089,168,visita_organica,267
5090,90,clique_ad,7
5091,277,visita_organica,22
5092,188,visita_organica,1
5093,140,visita_organica,321
5094,132,visita_organica,56
5095,247,visita_organica,13
5096,152,visita_organica,255
5097,174,visita_organica,47
5098,240,visita_organica,272
5099,73,visita_organica,13
5100,116,visita_organica,268
5101,204,visita_organica,22
5102,286,clique_ad,22
5103,203,clique_ad,170
5104,275,visita_organica,22
5105,189,visita_organica,286
5106,135,clique_ad,26
5107,191,clique_ad,158
5108,120,clique_ad,164
5109,288,visita_organica,10
5110,114,visita_organica,271
5111,238,visita_organica,25
5112,155,visita_organica,42
5113,60,visita_organica,8
5114,20,clique_ad,24
5115,253,clique_ad,16
5116,121,visita_organica,198
5117,70,clique_ad,26
5118,190,visita_organica,240
5119,277,clique_ad,5
5120,80,visita_organica,217
5121,51,visita_organica,50
5122,209,visita_organica,24
5123,144,clique_ad,19
5124,190,clique_ad,249
5125,228,visita_organica,209
5126,186,visita_organica,39
5127,189,visita_organica,351
5128,184,visita_organica,25
5129,142,visita_organica,18
5130,63,visita_organica,296
5131,233,clique_ad,313
5132,109,visita_organica,10
5133,11,visita_organica,33
5134,171,visita_organica,55
5135,65,clique_ad,18
5136,106,clique_ad,5
5137,284,clique_ad,15
5138,111,visita_organica,49
5139,120,clique_ad,257
5140,76,visita_organica,34
5141,2,clique_ad,310
5142,75,visita_organica,268
5143,277,clique_ad,21
5144,90,clique_ad,17
5145,14,clique_ad,299
5146,184,visita_organica,48
5147,122,visita_organica,37
5148,9,clique_ad,15
5149,27,clique_ad,3
5150,216,visita_organica,28
5151,33,visita_organica,7
5152,186,visita_organica,32
5153,56,visita_organica,11
5154,114,visita_organica,287
5155,23,visita_organica,350
5156,267,visita_organica,14
5157,16,clique_ad,13
5158,246,visita_organica,29
5159,219,visita_organica,57
5160,252,clique_ad,25
5161,228,clique_ad,151
5162,42,visita_organica,35
5163,76,visita_organica,7
5164,141,clique_ad,21
5165,300,visita_organica,295
5166,167,clique_ad,3
5167,272,clique_ad,10
5168,259,clique_ad,22
5169,51,visita_organica,39
5170,59,visita_organica,41
5171,283,clique_ad,17
5172,111,visita_organica,11
5173,117,visita_organica,39
5174,233,clique_ad,173
5175,49,clique_ad,28
5176,161,clique_ad,14
5177,192,visita_organica,19
5178,243,visita_organica,4
5179,44,clique_ad,26
5180,50,clique_ad,6
5181,191,visita_organica,191
5182,285,clique_ad,7
5183,288,visita_organica,45
5184,63,clique_ad,185
5185,217,visita_organica,246
5186,27,visita_organica,4
5187,160,visita_organica,3
5188,296,clique_ad,9
5189,80,visita_organica,285
5190,115,visita_organica,33
5191,180,visita_organica,272
5192,189,clique_ad,219
5193,143,visita_organica,318
5194,220,visita_organica,39
5195,286,clique_ad,4
5196,137,clique_ad,13
5197,140,visita_organica,198
5198,159,visita_organica,2
5199,180,clique_ad,337
5200,74,clique_ad,5
5201,206,visita_organica,44
5202,16,clique_ad,27
5203,272,clique_ad,21
5204,215,visita_organica,8
5205,81,visita_organica,38
5206,167,clique_ad,8
5207,291,visita_organica,50
5208,27,clique_ad,3
5209,26,visita_organica,54
5210,140,clique_ad,193
5211,218,clique_ad,274
5212,227,clique_ad,207
5213,111,visita_organica,3
5214,59,visita_organica,22
5215,57,clique_ad,219
5216,250,clique_ad,2
5217,158,clique_ad,23
5218,203,visita_organica,321
5219,29,clique_ad,2
5220,155,visita_organica,38
5221,71,clique_ad,17
5222,149,clique_ad,3
5223,4,visita_organica,34
5224,221,clique_ad,23
5225,195,visita_organica,179
5226,118,visita_organica,52
5227,182,clique_ad,157
5228,22,clique_ad,22
5229,236,visita_organica,12
5230,161,clique_ad,26
5231,294,clique_ad,4
5232,214,visita_organica,5
5233,208,clique_ad,13
5234,167,clique_ad,29
5235,236,visita_organica,15
5236,186,visita_organica,57
5237,55,clique_ad,204
5238,206,visita_organica,16
5239,203,visita_organica,255
5240,174,visita_organica,30
5241,87,visita_organica,57
5242,59,visita_organica,55
5243,100,visita_organica,16
5244,179,clique_ad,12
5245,76,visita_organica,17
5246,75,clique_ad,293
5247,89,clique_ad,12
5248,39,clique_ad,8
5249,253,clique_ad,20
5250,289,visita_organica,3
5251,230,clique_ad,16
5252,290,visita_organica,179
5253,166,visita_organica,172
5254,162,clique_ad,28
5255,35,clique_ad,19
5256,156,visita_organica,40
5257,29,clique_ad,22
5258,38,clique_ad,154
5259,232,clique_ad,361
5260,189,visita_organica,253
5261,40,visita_organica,56
5262,47,visita_organica,257
5263,260,visita_organica,1
5264,298,clique_ad,25
5265,22,clique_ad,21
5266,293,visita_organica,233
5267,165,visita_organica,347
5268,257,visita_organica,22
5269,32,clique_ad,18
5270,176,visita_organica,8
5271,44,clique_ad,7
5272,89,clique_ad,1
5273,225,visita_organica,53
5274,269,clique_ad,16
5275,82,visita_organica,12
5276,145,visita_organica,38
5277,174,visita_organica,52
5278,27,clique_ad,2
5279,172,clique_ad,29
5280,49,clique_ad,14
5281,198,clique_ad,4
5282,77,clique_ad,1
5283,299,clique_ad,23
5284,180,clique_ad,263
5285,201,clique_ad,215
5286,44,clique_ad,9
5287,193,clique_ad,21
5288,169,visita_organica,2
5289,270,clique_ad,350
5290,217,visita_organica,342
5291,10,clique_ad,11
5292,93,visita_organica,3
5293,175,visita_organica,52
5294,249,clique_ad,23
5295,71,clique_ad,26
5296,152,visita_organica,345
5297,52,clique_ad,18
5298,277,visita_organica,23
5299,270,clique_ad,155
5300,173,visita_organica,3
5301,68,visita_organica,22
5302,79,clique_ad,11
5303,85,visita_organica,15
5304,23,clique_ad,235
5305,122,visita_organica,37
5306,146,visita_organica,52
5307,230,clique_ad,10
5308,123,clique_ad,161
5309,241,visita_organica,47
5310,100,visita_organica,49
5311,293,visita_organica,191
5312,237,clique_ad,6
5313,196,clique_ad,18
5314,215,visita_organica,45
5315,103,visita_organica,184
5316,71,visita_organica,24
5317,27,clique_ad,10
5318,191,visita_organica,307
5319,53,visita_organica,355
5320,265,visita_organica,283
5321,146,visita_organica,3
5322,83,visita_organica,16
5323,263,clique_ad,7
5324,224,clique_ad,20
5325,114,visita_organica,163
5326,179,visita_organica,9
5327,213,clique_ad,15
5328,258,clique_ad,21
5329,198,visita_organica,3
5330,192,visita_organica,2
5331,164,visita_organica,27
5332,172,clique_ad,2
5333,71,clique_ad,3
5334,242,clique_ad,18
5335,72,visita_organica,14
5336,241,visita_organica,20
5337,3,visita_organica,18
5338,10,clique_ad,10
5339,77,clique_ad,25
5340,271,visita_organica,2
5341,148,visita_organica,25
5342,63,clique_ad,203
5343,215,visita_organica,33
5344,235,visita_organica,36
5345,256,clique_ad,14
5346,9,clique_ad,1
5347,295,clique_ad,14
5348,74,clique_ad,16
5349,1,visita_organica,54
5350,124,visita_organica,46
5351,96,clique_ad,29
5352,44,clique_ad,20
5353,185,visita_organica,3
5354,270,visita_organica,318
5355,260,visita_organica,6
5356,200,visita_organica,174
5357,23,visita_organica,290
5358,192,visita_organica,53
5359,9,clique_ad,2
5360,35,clique_ad,8
5361,54,clique_ad,21
5362,171,visita_organica,34
5363,181,visita_organica,345
5364,90,visita_organica,25
5365,238,visita_organica,15
5366,246,clique_ad,4
5367,70,clique_ad,13
5368,235,clique_ad,12
5369,104,clique_ad,181
5370,103,visita_organica,277
5371,162,visita_organica,28
5372,264,clique_ad,13
5373,279,clique_ad,14
5374,19,clique_ad,20
5375,98,clique_ad,295
5376,25,visita_organica,29
5377,170,visita_organica,6
5378,189,clique_ad,309
5379,205,clique_ad,29
5380,198,clique_ad,11
5381,96,clique_ad,2
5382,255,clique_ad,28
5383,266,visita_organica,23
5384,43,clique_ad,19
5385,41,visita_organica,31
5386,93,clique_ad,19
5387,165,clique_ad,154
5388,168,visita_organica,360
5389,157,clique_ad,2
5390,219,visita_organica,10
5391,228,clique_ad,238
5392,22,clique_ad,2
5393,181,visita_organica,275
5394,223,visita_organica,11
5395,30,visita_organica,50
5396,208,clique_ad,29
5397,82,visita_organica,31
5398,74,visita_organica,24
5399,225,clique_ad,15
5400,35,clique_ad,9
5401,188,visita_organica,23
5402,291,clique_ad,19
5403,79,clique_ad,9
5404,190,clique_ad,248
5405,40,visita_organica,21
5406,272,clique_ad,9
5407,161,clique_ad,28
5408,128,visita_organica,14
5409,14,visita_organica,264
5410,256,clique_ad,7
5411,288,visita_organica,16
5412,134,visita_organica,16
5413,110,visita_organica,33
5414,147,visita_organica,4
5415,252,clique_ad,4
5416,70,visita_organica,7
5417,232,clique_ad,189
5418,228,visita_organica,166
5419,164,clique_ad,5
5420,34,clique_ad,7
5421,149,visita_organica,28
5422,81,visita_organica,52
5423,90,clique_ad,29
5424,261,visita_organica,52
5425,103,visita_organica,313
5426,122,visita_organica,38
5427,14,clique_ad,327
5428,294,clique_ad,5
5429,283,clique_ad,20
5430,45,clique_ad,340
5431,204,visita_organica,35
5432,246,clique_ad,7
5433,210,visita_organica,27
5434,38,clique_ad,241
5435,163,clique_ad,22
5436,231,clique_ad,14
5437,265,clique_ad,348
5438,283,clique_ad,5
5439,94,visita_organica,235
5440,67,visita_organica,5
5441,29,visita_organica,23
5442,266,visita_organica,2
5443,85,visita_organica,27
5444,116,clique_ad,298
5445,266,visita_organica,54
5446,41,visita_organica,38
5447,283,clique_ad,15
5448,156,visita_organica,21
5449,48,clique_ad,10
5450,87,visita_organica,23
5451,298,clique_ad,26
5452,173,visita_organica,24
5453,289,clique_ad,39
5454,15,clique_ad,282
5455,296,clique_ad,1
5456,108,visita_organica,13
5457,214,visita_organica,21
5458,16,clique_ad,26
5459,280,clique_ad,362
5460,155,visita_organica,53
5461,208,clique_ad,18
5462,38,visita_organica,322
5463,81,visita_organica,32
5464,248,clique_ad,4
5465,175,visita_organica,17
5466,161,visita_organica,3
5467,164,clique_ad,17
5468,177,visita_organica,337
5469,67,visita_organica,11
5470,264,clique_ad,21
5471,164,clique_ad,20
5472,63,clique_ad,332
5473,127,clique_ad,21
5474,26,visita_organica,26
5475,197,visita_organica,4
5476,215,visita_organica,34
5477,82,visita_organica,52
5478,296,clique_ad,16
5479,98,visita_organica,231
5480,256,visita_organica,8
5481,240,clique_ad,329
5482,158,clique_ad,29
5483,47,visita_organica,315
5484,259,clique_ad,10
5485,124,visita_organica,21
5486,181,clique_ad,191
5487,145,visita_organica,13
5488,241,visita_organica,49
5489,5,visita_organica,41
5490,221,clique_ad,17
5491,136,clique_ad,24
5492,207,visita_organica,9
5493,206,visita_organica,41
5494,288,visita_organica,1
5495,284,clique_ad,2
5496,198,clique_ad,28
5497,282,clique_ad,16
5498,61,clique_ad,29
5499,50,clique_ad,1
5500,174,visita_organica,10
5501,188,visita_organica,50
5502,102,clique_ad,26
5503,206,visita_organica,40
5504,24,clique_ad,21
5505,171,visita_organica,28
5506,266,visita_organica,11
5507,264,clique_ad,23
5508,164,clique_ad,2
5509,154,clique_ad,8
5510,260,visita_organica,59
5511,273,visita_organica,22
5512,289,visita_organica,8
5513,9,clique_ad,17
5514,57,visita_organica,228
5515,299,clique_ad,17
5516,14,visita_organica,337
5517,136,visita_organica,23
5518,297,clique_ad,24
5519,27,clique_ad,13
5520,88,clique_ad,19
5521,195,clique_ad,218
5522,125,clique_ad,12
5523,57,clique_ad,342
5524,226,visita_organica,23
5525,78,clique_ad,5
5526,105,clique_ad,8
5527,242,visita_organica,13
5528,32,clique_ad,8
5529,266,visita_organica,57
5530,167,visita_organica,23
5531,245,visita_organica,192
5532,161,visita_organica,1
5533,236,visita_organica,13
5534,176,clique_ad,19
5535,136,clique_ad,24
5536,99,visita_organica,3
5537,143,visita_organica,301
5538,116,visita_organica,166
5539,153,visita_organica,5
5540,107,visita_organica,297
5541,251,visita_organica,21
5542,179,clique_ad,8
5543,141,clique_ad,26
5544,294,clique_ad,14
5545,195,visita_organica,288
5546,203,visita_organica,329
5547,75,clique_ad,292
5548,148,visita_organica,19
5549,41,visita_organica,7
5550,227,visita_organica,177
5551,246,clique_ad,19
5552,276,clique_ad,335
5553,288,visita_organica,5
5554,71,clique_ad,5
5555,123,clique_ad,243
5556,272,clique_ad,22
5557,120,clique_ad,245
5558,212,visita_organica,8
5559,242,clique_ad,10
5560,71,clique_ad,6
5561,282,visita_organica,15
5562,81,visita_organica,32
5563,244,clique_ad,261
5564,103,visita_organica,230
5565,148,visita_organica,31
5566,31,visita_organica,8
5567,46,visita_organica,253
5568,119,clique_ad,25
5569,20,visita_organica,9
5570,90,clique_ad,2
5571,91,visita_organica,15
5572,19,visita_organica,18
5573,204,visita_organica,3
5574,96,visita_organica,17
5575,149,visita_organica,4
5576,5,visita_organica,4
5577,55,visita_organica,227
5578,172,clique_ad,9
5579,279,clique_ad,9
5580,69,visita_organica,25
5581,240,clique_ad,271
5582,58,clique_ad,23
5583,235,visita_organica,50
5584,96,clique_ad,10
5585,173,clique_ad,21
5586,291,visita_organica,36
5587,99,clique_ad,12
5588,208,visita_organica,27
5589,264,clique_ad,8
5590,206,visita_organica,2
5591,95,visita_organica,22
5592,245,clique_ad,162
5593,128,clique_ad,21
5594,197,visita_organica,32
5595,137,visita_organica,31
5596,155,visita_organica,16
5597,294,clique_ad,28
5598,185,visita_organica,34
5599,32,clique_ad,11
5600,239,clique_ad,10
5601,208,clique_ad,15
5602,160,visita_organica,17
5603,152,clique_ad,317
5604,114,clique_ad,295
5605,69,clique_ad,23
5606,233,visita_organica,350
5607,192,visita_organica,25
5608,282,visita_organica,8
5609,276,visita_organica,208
5610,112,visita_organica,227
5611,42,visita_organica,58
5612,271,visita_organica,25
5613,40,visita_organica,50
5614,58,clique_ad,22
5615,281,visita_organica,52
5616,104,visita_organica,307
5617,77,clique_ad,20
5618,267,visita_organica,21
5619,106,clique_ad,12
5620,251,visita_organica,32
5621,262,clique_ad,19
5622,29,clique_ad,14
5623,263,clique_ad,17
5624,289,visita_organica,56
5625,237,clique_ad,21
5626,158,clique_ad,3
5627,203,clique_ad,271
5628,2,visita_organica,181
5629,297,clique_ad,23
5630,217,clique_ad,188
5631,33,visita_organica,49
5632,31,visita_organica,12
5633,36,visita_organica,9
5634,242,clique_ad,15
5635,210,clique_ad,18
5636,70,clique_ad,21
5637,216,visita_organica,13
5638,196,clique_ad,21
5639,194,clique_ad,8
5640,277,clique_ad,14
5641,179,clique_ad,8
5642,276,clique_ad,284
5643,66,clique_ad,23
5644,115,visita_organica,44
5645,12,visita_organica,11
5646,238,clique_ad,22
5647,279,clique_ad,22
5648,195,visita_organica,238
5649,127,clique_ad,22
5650,80,clique_ad,241
5651,58,clique_ad,29
5652,215,visita_organica,13
5653,9,clique_ad,18
5654,35,clique_ad,2
5655,18,visita_organica,29
5656,25,visita_organica,21
5657,23,clique_ad,356
5658,120,visita_organica,329
5659,29,clique_ad,27
5660,149,clique_ad,18
5661,295,clique_ad,15
5662,165,clique_ad,300
5663,74,visita_organica,24
5664,267,visita_organica,44
5665,154,clique_ad,13
5666,286,visita_organica,22
5667,90,clique_ad,11
5668,219,visita_organica,37
5669,25,visita_organica,33
5670,196,clique_ad,24
5671,164,clique_ad,3
5672,210,clique_ad,22
5673,193,clique_ad,19
5674,276,clique_ad,172
5675,116,clique_ad,306
5676,74,visita_organica,7
5677,30,visita_organica,44
5678,214,visita_organica,47
5679,69,clique_ad,25
5680,131,clique_ad,5
5681,41,visita_organica,47
5682,190,clique_ad,285
5683,98,clique_ad,255
5684,194,clique_ad,26
5685,21,visita_organica,16
5686,97,visita_organica,221
5687,287,visita_organica,1
5688,107,visita_organica,257
5689,171,visita_organica,5
5690,8,clique_ad,3
5691,98,visita_organica,342
5692,61,clique_ad,4
5693,246,visita_organica,8
5694,105,clique_ad,3
5695,123,visita_organica,213
5696,145,visita_organica,42
5697,274,visita_organica,247
5698,158,clique_ad,11
5699,263,visita_organica,25
5700,239,clique_ad,10
5701,241,visita_organica,21
5702,164,visita_organica,14
5703,190,clique_ad,304
5704,24,clique_ad,2
5705,114,visita_organica,318
5706,9,clique_ad,16
5707,300,visita_organica,162
5708,214,visita_organica,9
5709,101,visita_organica,52
5710,195,visita_organica,313
5711,126,clique_ad,22
5712,173,clique_ad,10
5713,251,visita_organica,26
5714,252,clique_ad,26
5715,181,clique_ad,203
5716,280,clique_ad,161
5717,278,visita_organica,17
5718,31,clique_ad,14
5719,39,visita_organica,14
5720,25,visita_organica,57
5721,212,visita_organica,34
5722,119,clique_ad,21
5723,78,clique_ad,25
5724,259,clique_ad,20
5725,31,clique_ad,11
5726,248,clique_ad,16
5727,9,clique_ad,19
5728,283,clique_ad,23
5729,9,clique_ad,6
5730,141,clique_ad,24
5731,147,clique_ad,19
5732,221,visita_organica,5
5733,92,clique_ad,26
5734,50,clique_ad,4
5735,124,visita_organica,47
5736,270,clique_ad,274
5737,182,clique_ad,281
5738,204,visita_organica,20
5739,208,clique_ad,10
5740,125,visita_organica,24
5741,116,clique_ad,303
5742,42,visita_organica,37
5743,17,clique_ad,6
5744,195,clique_ad,362
5745,244,clique_ad,203
5746,5,visita_organica,40
5747,43,clique_ad,7
5748,223,visita_organica,21
5749,170,visita_organica,10
5750,49,visita_organica,6
5751,22,clique_ad,14
5752,291,visita_organica,4
5753,24,visita_organica,28
5754,144,visita_organica,57
5755,289,visita_organica,45
5756,92,visita_organica,20
5757,162,clique_ad,17
5758,107,visita_organica,268
5759,204,visita_organica,7
5760,154,clique_ad,4
5761,124,visita_organica,29
5762,200,visita_organica,163
5763,277,clique_ad,3
5764,72,visita_organica,24
5765,41,visita_organica,37
5766,178,clique_ad,229
5767,224,clique_ad,26
5768,39,clique_ad,23
5769,204,visita_organica,52
5770,168,clique_ad,281
5771,140,visita_organica,269
5772,231,clique_ad,24
5773,183,clique_ad,2
5774,193,clique_ad,18
5775,300,visita_organica,296
5776,44,clique_ad,28
5777,152,visita_organica,209
5778,38,clique_ad,296
5779,79,clique_ad,17
5780,79,clique_ad,14
5781,163,clique_ad,19
5782,47,clique_ad,299
5783,158,clique_ad,24
5784,139,clique_ad,13
5785,45,clique_ad,225
5786,230,clique_ad,26
5787,263,clique_ad,6
5788,14,clique_ad,266
5789,284,clique_ad,4
5790,167,visita_organica,19
5791,7,clique_ad,16
5792,199,visita_organica,45
5793,287,visita_organica,36
5794,125,clique_ad,23
5795,87,visita_organica,49
5796,87,visita_organica,55
5797,155,visita_organica,33
5798,75,clique_ad,295
5799,223,visita_organica,52
5800,154,clique_ad,17
5801,40,visita_organica,59
5802,127,clique_ad,28
5803,254,clique_ad,27
5804,101,visita_organica,47
5805,70,clique_ad,11
5806,203,clique_ad,206
5807,195,visita_organica,267
5808,169,visita_organica,45
5809,221,visita_organica,1
5810,70,clique_ad,17
5811,103,clique_ad,347
5812,91,visita_organica,4
5813,164,clique_ad,20
5814,252,visita_organica,16
5815,125,clique_ad,15
5816,144,visita_organica,27
5817,202,clique_ad,15
5818,289,visita_organica,6
5819,280,clique_ad,196
5820,282,clique_ad,14
5821,237,visita_organica,28
5822,108,visita_organica,11
5823,150,visita_organica,7
5824,36,visita_organica,9
5825,210,clique_ad,26
5826,72,visita_organica,16
5827,124,visita_organica,5
5828,79,clique_ad,25
5829,194,clique_ad,20
5830,246,clique_ad,29
5831,274,visita_organica,287
5832,215,visita_organica,50
5833,185,visita_organica,3
5834,275,visita_organica,13
5835,44,clique_ad,11
5836,128,clique_ad,17
5837,182,clique_ad,243
5838,23,visita_organica,267
5839,205,visita_organica,13
5840,170,visita_organica,6
5841,221,clique_ad,17
5842,51,visita_organica,59
5843,262,clique_ad,13
5844,286,clique_ad,19
5845,295,clique_ad,21
5846,192,visita_organica,19
5847,257,visita_organica,42
5848,13,clique_ad,3
5849,152,clique_ad,195
5850,44,clique_ad,26
5851,73,visita_organica,51
5852,176,clique_ad,5
5853,106,clique_ad,29
5854,179,clique_ad,5
5855,225,visita_organica,20
5856,232,clique_ad,198
5857,154,clique_ad,21
5858,59,clique_ad,10
5859,176,clique_ad,5
5860,85,visita_organica,36
5861,125,clique_ad,6
5862,283,clique_ad,26
5863,287,visita_organica,4
5864,237,clique_ad,7
5865,208,clique_ad,7
5866,96,clique_ad,18
5867,222,visita_organica,35
5868,102,clique_ad,1
5869,220,visita_organica,24
5870,110,visita_organica,57
5871,33,visita_organica,36
5872,275,visita_organica,6
5873,167,clique_ad,9
5874,59,visita_organica,54
5875,251,visita_organica,46
5876,161,clique_ad,28
5877,201,visita_organica,257
5878,179,clique_ad,28
5879,235,visita_organica,57
5880,153,visita_organica,31
5881,44,clique_ad,20
5882,161,clique_ad,24
5883,157,clique_ad,25
5884,192,visita_organica,36
5885,262,clique_ad,21
5886,71,clique_ad,24
5887,217,clique_ad,257
5888,276,visita_organica,255
5889,89,clique_ad,22
5890,251,visita_organica,28
5891,96,clique_ad,7
5892,231,clique_ad,3
5893,184,visita_organica,55
5894,249,clique_ad,28
5895,197,visita_organica,14
5896,259,clique_ad,24
5897,210,clique_ad,10
5898,213,clique_ad,16
5899,228,clique_ad,293
5900,43,clique_ad,22
5901,113,clique_ad,255
5902,141,clique_ad,25
5903,148,visita_organica,13
5904,235,visita_organica,6
5905,254,clique_ad,12
5906,58,clique_ad,9
5907,138,visita_organica,45
5908,188,visita_organica,36
5909,22,clique_ad,24
5910,226,visita_organica,43
5911,218,clique_ad,233
5912,127,clique_ad,18
5913,17,clique_ad,26
5914,179,visita_organica,11
5915,45,clique_ad,334
5916,61,clique_ad,21
5917,122,visita_organica,4
5918,180,visita_organica,327
5919,220,visita_organica,33
5920,72,visita_organica,27
5921,106,visita_organica,7
5922,292,visita_organica,6
5923,144,visita_organica,15
5924,87,visita_organica,18
5925,150,clique_ad,24
5926,137,visita_organica,11
5927,264,visita_organica,20
5928,49,clique_ad,24
5929,211,visita_organica,15
5930,142,visita_organica,48
5931,65,clique_ad,7
5932,68,visita_organica,21
5933,165,visita_organica,319
5934,202,clique_ad,26
5935,296,clique_ad,12
5936,213,clique_ad,24
5937,39,clique_ad,14
5938,48,clique_ad,25
5939,143,visita_organica,314
5940,189,clique_ad,207
5941,250,clique_ad,21
5942,2,visita_organica,231
5943,48,clique_ad,5
5944,235,visita_organica,3
5945,184,visita_organica,23
5946,274,clique_ad,314
5947,220,visita_organica,24
5948,254,clique_ad,17
5949,146,visita_organica,19
5950,296,clique_ad,19
5951,249,clique_ad,25
5952,25,clique_ad,21
5953,236,clique_ad,12
5954,81,visita_organica,57
5955,1,visita_organica,41
5956,220,visita_organica,33
5957,68,visita_organica,50
5958,155,visita_organica,53
5959,141,clique_ad,4
5960,185,visita_organica,42
5961,191,visita_organica,220
5962,85,visita_organica,22
5963,157,clique_ad,23
5964,120,clique_ad,182
5965,47,visita_organica,230
5966,1,visita_organica,24
5967,40,visita_organica,34
5968,116,visita_organica,177
5969,228,clique_ad,335
5970,176,visita_organica,11
5971,217,visita_organica,318
5972,245,clique_ad,316
5973,197,visita_organica,22
5974,53,clique_ad,326
5975,189,visita_organica,166
5976,71,clique_ad,2
5977,69,clique_ad,6
5978,74,clique_ad,14
5979,289,clique_ad,6
5980,85,visita_organica,34
5981,110,visita_organica,1
5982,78,visita_organica,10
5983,227,visita_organica,234
5984,45,visita_organica,154
5985,72,visita_organica,2
5986,197,visita_organica,22
5987,220,visita_organica,48
5988,72,visita_organica,57
5989,44,clique_ad,2
5990,146,visita_organica,10
5991,14,visita_organica,247
5992,155,visita_organica,16
5993,261,visita_organica,48
5994,201,clique_ad,328
5995,28,visita_organica,39
5996,123,clique_ad,235
5997,58,clique_ad,12
5998,37,clique_ad,24
5999,7,visita_organica,15
6000,163,clique_ad,8
