id_venda,id_cliente,valor_venda,usou_cupom,dias_atras_compra
1001,58,10.44,0,3
1002,141,74.63,1,59
1003,72,424.97,0,5
1004,53,514.6,0,236
1005,280,515.51,0,330
1006,217,980.89,0,264
1007,48,102.99,1,39
1008,259,90.5,1,38
1009,288,366.25,0,50
1010,102,80.99,1,34
1011,280,723.5,0,358
1012,230,121.05,1,34
1013,4,366.01,0,88
1014,82,176.33,0,79
1015,217,844.29,0,230
1016,80,392.98,0,260
1017,173,79.71,0,20
1018,195,719.46,0,248
1019,177,599.07,0,305
1020,23,660.47,0,222
1021,275,340.17,0,23
1022,64,343.98,0,55
1023,194,44.72,0,16
1024,151,469.99,0,8
1025,186,394.82,0,25
1026,296,61.76,0,3
1027,36,80.87,0,32
1028,117,435.89,0,50
1029,149,52.69,1,21
1030,120,675.62,1,184
1031,195,407.96,0,201
1032,187,404.76,0,328
1033,182,852.44,0,191
1034,137,540.53,0,46
1035,37,81.15,1,45
1036,88,34.34,1,27
1037,126,66.01,0,30
1038,195,632.1,0,286
1039,286,97.03,1,49
1040,167,67.59,1,35
1041,29,69.39,1,56
1042,17,68.48,1,22
1043,206,411.5,0,78
1044,138,287.57,0,88
1045,34,74.94,1,59
1046,291,360.19,0,56
1047,162,88.0,1,23
1048,256,64.31,1,46
1049,235,321.34,0,15
1050,74,98.04,1,25
1051,127,64.58,1,39
1052,276,686.43,0,364
1053,300,365.92,0,192
1054,299,84.13,1,20
1055,113,273.5,1,288
1056,71,72.18,1,18
1057,47,611.61,0,213
1058,57,470.81,0,290
1059,82,314.76,0,83
1060,217,837.31,0,221
1061,198,62.49,1,26
1062,240,392.58,0,243
1063,284,41.72,1,45
1064,6,741.19,0,300
1065,59,321.09,0,70
1066,275,330.92,0,70
1067,137,297.95,0,75
1068,175,311.03,0,62
1069,58,63.43,1,55
1070,81,306.39,0,9
1071,233,607.28,0,219
1072,135,63.38,1,37
1073,92,87.81,1,4
1074,55,587.26,1,258
1075,153,303.86,0,51
1076,260,410.43,0,62
1077,102,81.99,0,8
1078,83,410.11,0,26
1079,277,98.66,1,6
1080,272,64.77,1,26
1081,166,485.51,0,199
1082,58,43.9,1,49
1083,158,116.94,1,14
1084,124,371.28,0,64
1085,291,351.04,0,77
1086,41,279.94,0,3
1087,44,77.03,1,10
1088,36,71.85,1,5
1089,273,430.5,0,65
1090,65,68.46,0,37
1091,244,958.48,1,342
1092,85,301.65,0,49
1093,136,89.03,1,50
1094,217,696.57,1,257
1095,277,69.83,1,1
1096,103,413.72,0,219
1097,205,91.59,1,37
1098,192,389.78,0,14
1099,225,391.29,0,37
1100,265,671.32,0,184
1101,127,93.07,1,4
1102,174,246.71,0,89
1103,11,328.38,0,40
1104,284,98.95,1,8
1105,113,294.28,0,358
1106,31,59.84,1,38
1107,17,33.47,1,33
1108,37,110.22,1,25
1109,143,418.42,0,232
1110,110,220.93,0,51
1111,277,34.22,0,3
1112,293,814.87,0,314
1113,125,98.32,1,52
1114,209,437.23,0,15
1115,98,598.09,0,334
1116,221,101.09,1,36
1117,211,99.4,1,33
1118,28,407.66,0,68
1119,51,470.78,0,74
1120,32,88.04,1,33
1121,174,356.96,0,47
1122,56,274.21,0,88
1123,128,81.1,0,8
1124,275,550.46,0,5
1125,230,28.54,0,45
1126,94,542.17,0,309
1127,128,80.55,1,36
1128,39,77.3,1,36
1129,282,94.36,0,20
1130,277,111.35,1,11
1131,48,77.76,1,6
1132,122,376.11,0,72
1133,86,46.41,1,43
1134,247,67.9,1,12
1135,206,328.49,0,60
1136,31,71.2,0,43
1137,2,616.41,1,247
1138,136,94.52,1,5
1139,233,632.53,0,285
1140,285,88.84,1,49
1141,250,117.64,0,54
1142,152,801.81,0,230
1143,30,364.71,0,86
1144,297,82.0,1,11
1145,32,60.21,1,21
1146,30,339.94,0,36
1147,26,354.46,0,40
1148,300,764.13,0,322
1149,272,68.24,0,9
1150,261,339.33,0,74
1151,42,269.03,0,25
1152,96,46.9,0,26
1153,35,75.4,1,18
1154,121,694.22,0,341
1155,292,362.91,0,59
1156,127,95.51,1,44
1157,21,76.18,1,25
1158,215,375.04,0,71
1159,299,100.78,1,43
1160,162,66.04,1,22
1161,105,66.55,1,49
1162,161,66.9,1,7
1163,203,594.44,0,327
1164,154,88.59,1,54
1165,38,616.48,0,283
1166,289,440.37,0,49
1167,52,58.79,0,30
1168,110,260.56,0,87
1169,260,457.98,0,62
1170,136,73.41,0,32
1171,179,125.13,1,29
1172,126,68.53,1,30
1173,81,374.25,0,1
1174,225,443.32,0,78
1175,279,84.7,1,54
1176,271,495.44,0,38
1177,5,321.48,0,8
1178,284,84.77,1,29
1179,54,82.19,1,10
1180,69,76.32,1,10
1181,55,609.54,0,266
1182,80,742.73,0,234
1183,108,388.83,0,8
1184,176,64.55,1,1
1185,136,47.55,1,23
1186,129,86.82,1,59
1187,27,131.43,0,57
1188,217,622.35,1,246
1189,23,621.48,0,187
1190,67,428.26,0,34
1191,135,105.0,0,16
1192,227,663.05,0,344
1193,219,327.94,0,55
1194,288,265.4,0,48
1195,5,368.48,0,33
1196,58,65.68,0,23
1197,77,86.61,1,18
1198,190,730.5,0,181
1199,76,368.18,0,11
1200,221,94.96,0,42
1201,158,70.83,1,55
1202,21,101.77,1,12
1203,108,311.96,0,9
1204,128,100.31,1,34
1205,182,544.95,0,265
1206,209,387.79,0,24
1207,80,624.96,1,238
1208,122,271.92,0,87
1209,84,323.14,0,81
1210,91,106.92,1,14
1211,13,97.39,0,25
1212,171,434.57,0,73
1213,211,83.42,1,4
1214,128,76.32,1,26
1215,56,246.92,0,87
1216,196,82.02,1,37
1217,241,365.67,0,38
1218,114,453.24,0,213
1219,236,120.11,1,58
1220,117,407.41,0,76
1221,115,370.48,0,12
1222,13,99.65,1,45
1223,205,59.92,1,45
1224,36,90.21,1,17
1225,143,323.87,0,301
1226,261,247.63,0,46
1227,205,73.04,1,36
1228,275,365.88,0,26
1229,170,415.95,0,59
1230,15,581.31,0,218
1231,134,393.28,0,55
1232,92,82.66,1,47
1233,136,44.9,0,47
1234,223,340.09,0,20
1235,177,642.53,0,260
1236,161,74.39,1,59
1237,262,46.21,0,26
1238,296,99.74,0,2
1239,23,594.75,0,350
1240,1,491.66,0,42
1241,267,286.24,0,44
1242,276,588.63,0,358
1243,101,399.74,0,19
1244,187,364.47,0,280
1245,170,244.45,0,62
1246,161,75.48,1,16
1247,64,380.42,0,21
1248,154,92.21,1,17
1249,210,105.73,1,6
1250,152,759.33,0,204
1251,99,85.34,1,59
1252,195,710.17,0,333
1253,90,82.9,1,32
1254,155,319.4,0,10
1255,208,54.98,1,7
1256,1,558.48,0,14
1257,156,378.6,0,48
1258,147,303.02,0,72
1259,108,440.33,0,39
1260,221,78.39,1,35
1261,165,740.74,0,196
1262,227,522.59,0,193
1263,262,51.9,1,45
1264,87,390.08,0,3
1265,44,59.15,1,55
1266,172,105.56,0,23
1267,121,571.97,0,183
1268,116,534.04,1,272
1269,76,448.41,0,33
1270,13,96.72,0,16
1271,244,751.52,0,234
1272,38,570.56,0,349
1273,295,71.25,0,32
1274,197,255.09,0,39
1275,254,131.95,1,44
1276,76,297.97,0,10
1277,3,74.67,1,20
1278,55,500.32,0,312
1279,113,320.8,0,247
1280,266,326.02,0,18
1281,238,41.33,0,24
1282,128,55.85,1,4
1283,63,747.65,0,225
1284,238,75.72,1,24
1285,287,534.78,0,25
1286,163,66.72,1,7
1287,227,624.97,0,296
1288,259,89.85,1,51
1289,281,224.4,0,57
1290,229,355.92,0,41
1291,82,394.43,0,6
1292,244,506.57,0,184
1293,127,108.41,1,17
1294,142,304.34,0,88
1295,267,343.03,0,13
1296,249,98.91,1,56
1297,141,35.09,1,59
1298,147,279.73,0,29
1299,121,642.88,0,219
1300,164,86.69,1,25
1301,42,281.96,0,88
1302,71,82.09,0,15
1303,197,353.65,0,37
1304,79,67.38,1,48
1305,33,308.59,0,81
1306,213,84.48,1,50
1307,278,71.54,0,58
1308,239,62.6,1,3
1309,106,106.48,1,27
1310,200,430.23,1,212
1311,300,636.0,1,347
1312,11,374.44,0,59
1313,295,88.11,1,43
1314,4,407.2,0,45
1315,181,760.0,0,334
1316,200,775.39,1,345
1317,215,365.59,0,45
1318,276,576.2,0,237
1319,280,756.03,0,349
1320,113,585.79,0,317
1321,140,518.72,0,218
1322,15,695.83,0,338
1323,208,63.78,1,2
1324,240,729.34,1,192
1325,274,628.66,0,196
1326,202,80.93,1,40
1327,14,713.0,0,267
1328,220,241.98,0,35
1329,70,72.18,1,7
1330,94,499.44,0,253
1331,195,777.96,0,335
1332,233,564.55,0,239
1333,195,683.58,0,201
1334,216,293.69,0,68
1335,130,391.49,0,68
1336,42,300.02,0,64
1337,241,320.96,0,10
1338,10,83.49,1,54
1339,27,103.9,1,59
1340,180,371.52,0,229
1341,36,120.41,1,52
1342,21,65.2,1,12
1343,127,77.38,0,51
1344,11,187.18,0,75
1345,79,68.9,1,46
1346,243,500.49,0,29
1347,59,357.12,0,29
1348,289,443.27,0,29
1349,112,725.11,0,354
1350,132,310.42,0,78
1351,189,527.35,0,260
1352,59,321.63,0,56
1353,84,402.02,0,80
1354,160,342.07,0,59
1355,56,202.26,0,58
1356,297,68.67,0,38
1357,160,293.13,0,64
1358,295,66.62,1,49
1359,193,54.97,1,15
1360,102,108.88,0,44
1361,125,90.11,0,46
1362,155,347.69,0,89
1363,62,86.85,1,15
1364,290,668.51,0,206
1365,178,668.99,0,310
1366,190,691.13,0,272
1367,175,365.72,0,46
1368,7,94.18,1,15
1369,251,267.54,0,17
1370,55,592.54,0,305
1371,186,295.89,0,38
1372,236,116.02,1,48
1373,223,290.73,0,2
1374,91,79.71,1,24
1375,139,85.93,1,17
1376,276,593.87,0,251
1377,239,119.26,1,18
1378,138,319.2,0,38
1379,166,753.53,1,212
1380,45,435.96,0,281
1381,231,85.16,1,51
1382,238,89.38,1,24
1383,195,551.5,0,233
1384,254,80.95,1,22
1385,94,508.58,0,347
1386,182,428.03,0,339
1387,175,431.85,0,30
1388,144,357.33,0,33
1389,142,312.31,0,66
1390,285,101.5,0,38
1391,98,869.65,0,322
1392,209,401.27,0,44
1393,251,372.04,0,67
1394,285,64.03,1,59
1395,244,608.94,0,293
1396,252,67.06,1,12
1397,9,87.87,0,20
1398,114,702.22,0,241
1399,125,73.29,1,11
1400,298,128.27,1,20
1401,284,123.12,1,22
1402,218,775.84,1,333
1403,282,68.41,1,42
1404,233,596.38,0,193
1405,129,66.97,1,45
1406,99,70.32,1,51
1407,275,267.47,0,53
1408,95,69.41,0,55
1409,248,90.12,1,59
1410,269,40.05,1,3
1411,52,76.49,1,29
1412,152,486.06,0,361
1413,92,101.82,1,31
1414,274,583.39,0,203
1415,24,42.71,1,44
1416,284,61.97,1,20
1417,65,142.1,1,51
1418,252,86.95,0,32
1419,7,71.81,1,34
1420,241,356.13,0,66
1421,246,106.34,1,39
1422,95,88.79,1,42
1423,130,247.82,0,18
1424,245,367.68,0,219
1425,34,70.21,1,26
1426,38,693.38,0,187
1427,28,482.56,0,42
1428,78,49.19,0,44
1429,289,368.45,0,37
1430,156,164.03,0,69
1431,44,77.85,1,54
1432,61,65.28,1,47
1433,214,473.38,0,84
1434,116,870.67,0,309
1435,195,640.23,0,268
1436,227,492.96,0,207
1437,220,414.58,0,65
1438,157,55.08,1,40
1439,31,47.63,1,23
1440,51,473.68,0,47
1441,107,664.97,0,297
1442,136,74.01,1,14
1443,81,302.7,0,76
1444,123,307.17,0,273
1445,39,76.73,0,8
1446,210,57.1,1,43
1447,241,246.28,0,37
1448,150,49.75,0,47
1449,148,324.27,0,44
1450,145,516.14,0,56
1451,233,754.54,0,287
1452,120,635.82,1,327
1453,102,78.57,1,37
1454,279,79.26,1,20
1455,77,82.98,1,35
1456,73,311.79,0,70
1457,37,83.82,0,12
1458,158,62.11,1,42
1459,292,311.52,0,43
1460,148,153.59,0,89
1461,225,423.31,0,56
1462,64,377.72,0,43
1463,240,913.26,0,263
1464,207,338.83,0,23
1465,140,459.23,0,298
1466,253,92.89,1,8
1467,21,67.52,1,5
1468,166,887.1,0,265
1469,14,720.78,0,298
1470,295,55.62,1,26
1471,11,341.77,0,82
1472,138,347.86,0,17
1473,296,83.68,0,49
1474,90,83.34,1,12
1475,227,629.74,1,212
1476,93,74.81,1,1
1477,224,92.77,1,53
1478,252,57.14,1,48
1479,241,288.27,0,66
1480,179,85.93,1,50
1481,165,357.98,0,340
1482,83,424.48,0,41
1483,169,329.04,0,75
1484,211,69.85,1,4
1485,148,447.86,0,4
1486,206,405.54,0,19
1487,282,91.95,0,41
1488,46,705.18,0,202
1489,166,793.46,0,267
1490,207,329.09,0,54
1491,264,53.19,1,1
1492,1,443.15,0,76
1493,278,443.73,0,19
1494,237,120.57,1,29
1495,97,367.09,0,214
1496,256,73.93,1,44
1497,27,80.83,1,8
1498,282,75.35,0,46
1499,148,451.53,0,9
1500,225,405.82,0,3
